"filename", "language", "HTML", "PHP", "JavaScript", "Markdown", "JSON", "CSS", "comment", "blank", "total"
"c:\xampp\htdocs\250125\Game\Memoria1.html", "HTML", 81, 0, 0, 0, 0, 0, 0, 8, 89
"c:\xampp\htdocs\250125\Game\Memoria2.html", "HTML", 81, 0, 0, 0, 0, 0, 0, 8, 89
"c:\xampp\htdocs\250125\Game\Memoria2\cards.js", "JavaScript", 0, 0, 103, 0, 0, 0, 5, 21, 129
"c:\xampp\htdocs\250125\Game\Memoria2\game6memo.html", "HTML", 81, 0, 0, 0, 0, 0, 0, 8, 89
"c:\xampp\htdocs\250125\Game\Memoria\cards.js", "JavaScript", 0, 0, 103, 0, 0, 0, 5, 21, 129
"c:\xampp\htdocs\250125\Game\Trivia1.php", "PHP", 0, 232, 0, 0, 0, 0, 13, 24, 269
"c:\xampp\htdocs\250125\Game\Trivia2.php", "PHP", 0, 128, 0, 0, 0, 0, 4, 13, 145
"c:\xampp\htdocs\250125\Game\game.html", "HTML", 28, 0, 0, 0, 0, 0, 0, 1, 29
"c:\xampp\htdocs\250125\Game\game2.html", "HTML", 28, 0, 0, 0, 0, 0, 1, 0, 29
"c:\xampp\htdocs\250125\Game\game3.1.html", "HTML", 28, 0, 0, 0, 0, 0, 0, 0, 28
"c:\xampp\htdocs\250125\Game\game3.html", "HTML", 28, 0, 0, 0, 0, 0, 1, 0, 29
"c:\xampp\htdocs\250125\Game\game4.html", "HTML", 27, 0, 0, 0, 0, 0, 1, 0, 28
"c:\xampp\htdocs\250125\Game\game5.html", "HTML", 29, 0, 0, 0, 0, 0, 0, 0, 29
"c:\xampp\htdocs\250125\Game\game7.html", "HTML", 29, 0, 0, 0, 0, 0, 0, 0, 29
"d:\Xampp\htdocs\220125\CSS\bootstrap.min.css", "CSS", 0, 0, 0, 0, 0, -2, -4, 0, -6
"d:\Xampp\htdocs\220125\CSS\bulma.min.css", "CSS", 0, 0, 0, 0, 0, -3, 0, 0, -3
"d:\Xampp\htdocs\220125\CSS\cambiarcontra.css", "CSS", 0, 0, 0, 0, 0, -105, 0, -18, -123
"d:\Xampp\htdocs\220125\CSS\creators.css", "CSS", 0, 0, 0, 0, 0, -105, -2, -6, -113
"d:\Xampp\htdocs\220125\CSS\credits.css", "CSS", 0, 0, 0, 0, 0, -80, 0, -5, -85
"d:\Xampp\htdocs\220125\CSS\estilologin.css", "CSS", 0, 0, 0, 0, 0, -158, -1, -22, -181
"d:\Xampp\htdocs\220125\CSS\estilonueva_contra.css", "CSS", 0, 0, 0, 0, 0, -149, -1, -28, -178
"d:\Xampp\htdocs\220125\CSS\estilorecupera_correo.css", "CSS", 0, 0, 0, 0, 0, -105, -1, -19, -125
"d:\Xampp\htdocs\220125\CSS\estilorecupera_usuario.css", "CSS", 0, 0, 0, 0, 0, -105, -1, -19, -125
"d:\Xampp\htdocs\220125\CSS\estiloregistro.css", "CSS", 0, 0, 0, 0, 0, -290, -1, -34, -325
"d:\Xampp\htdocs\220125\CSS\inform.css", "CSS", 0, 0, 0, 0, 0, -77, 0, -9, -86
"d:\Xampp\htdocs\220125\CSS\style.css", "CSS", 0, 0, 0, 0, 0, -81, -2, -11, -94
"d:\Xampp\htdocs\220125\CSS\stylemain.css", "CSS", 0, 0, 0, 0, 0, -116, -1, -17, -134
"d:\Xampp\htdocs\220125\Game\Memoria\cards.js", "JavaScript", 0, 0, -103, 0, 0, 0, -5, -21, -129
"d:\Xampp\htdocs\220125\Game\Memoria\game6memo.html", "HTML", -81, 0, 0, 0, 0, 0, 0, -8, -89
"d:\Xampp\htdocs\220125\Game\Trivia1.php", "PHP", 0, -127, 0, 0, 0, 0, -4, -13, -144
"d:\Xampp\htdocs\220125\Game\Trivia2.php", "PHP", 0, -128, 0, 0, 0, 0, -4, -13, -145
"d:\Xampp\htdocs\220125\Game\game.html", "HTML", -30, 0, 0, 0, 0, 0, 0, -1, -31
"d:\Xampp\htdocs\220125\Game\game2.html", "HTML", -28, 0, 0, 0, 0, 0, 0, 0, -28
"d:\Xampp\htdocs\220125\Game\game3.html", "HTML", -28, 0, 0, 0, 0, 0, 0, 0, -28
"d:\Xampp\htdocs\220125\Game\game4.html", "HTML", -29, 0, 0, 0, 0, 0, 0, 0, -29
"d:\Xampp\htdocs\220125\Game\game7.html", "HTML", -29, 0, 0, 0, 0, 0, 0, 0, -29
"d:\Xampp\htdocs\220125\Inicio\PHPMailer\PHPMailer-6.9.3\README.md", "Markdown", 0, 0, 0, -168, 0, 0, 0, -64, -232
"d:\Xampp\htdocs\220125\Inicio\PHPMailer\PHPMailer-6.9.3\SECURITY.md", "Markdown", 0, 0, 0, -19, 0, 0, 0, -19, -38
"d:\Xampp\htdocs\220125\Inicio\PHPMailer\PHPMailer-6.9.3\composer.json", "JSON", 0, 0, 0, 0, -80, 0, 0, -1, -81
"d:\Xampp\htdocs\220125\Inicio\PHPMailer\PHPMailer-6.9.3\get_oauth_token.php", "PHP", 0, -117, 0, 0, 0, 0, -48, -18, -183
"d:\Xampp\htdocs\220125\Inicio\PHPMailer\PHPMailer-6.9.3\language\phpmailer.lang-af.php", "PHP", 0, -20, 0, 0, 0, 0, -4, -3, -27
"d:\Xampp\htdocs\220125\Inicio\PHPMailer\PHPMailer-6.9.3\language\phpmailer.lang-ar.php", "PHP", 0, -20, 0, 0, 0, 0, -5, -3, -28
"d:\Xampp\htdocs\220125\Inicio\PHPMailer\PHPMailer-6.9.3\language\phpmailer.lang-as.php", "PHP", 0, -28, 0, 0, 0, 0, -5, -3, -36
"d:\Xampp\htdocs\220125\Inicio\PHPMailer\PHPMailer-6.9.3\language\phpmailer.lang-az.php", "PHP", 0, -19, 0, 0, 0, 0, -6, -3, -28
"d:\Xampp\htdocs\220125\Inicio\PHPMailer\PHPMailer-6.9.3\language\phpmailer.lang-ba.php", "PHP", 0, -20, 0, 0, 0, 0, -5, -3, -28
"d:\Xampp\htdocs\220125\Inicio\PHPMailer\PHPMailer-6.9.3\language\phpmailer.lang-be.php", "PHP", 0, -19, 0, 0, 0, 0, -6, -3, -28
"d:\Xampp\htdocs\220125\Inicio\PHPMailer\PHPMailer-6.9.3\language\phpmailer.lang-bg.php", "PHP", 0, -20, 0, 0, 0, 0, -5, -3, -28
"d:\Xampp\htdocs\220125\Inicio\PHPMailer\PHPMailer-6.9.3\language\phpmailer.lang-bn.php", "PHP", 0, -28, 0, 0, 0, 0, -5, -3, -36
"d:\Xampp\htdocs\220125\Inicio\PHPMailer\PHPMailer-6.9.3\language\phpmailer.lang-ca.php", "PHP", 0, -19, 0, 0, 0, 0, -6, -3, -28
"d:\Xampp\htdocs\220125\Inicio\PHPMailer\PHPMailer-6.9.3\language\phpmailer.lang-cs.php", "PHP", 0, -22, 0, 0, 0, 0, -4, -3, -29
"d:\Xampp\htdocs\220125\Inicio\PHPMailer\PHPMailer-6.9.3\language\phpmailer.lang-da.php", "PHP", 0, -27, 0, 0, 0, 0, -7, -3, -37
"d:\Xampp\htdocs\220125\Inicio\PHPMailer\PHPMailer-6.9.3\language\phpmailer.lang-de.php", "PHP", 0, -22, 0, 0, 0, 0, -4, -3, -29
"d:\Xampp\htdocs\220125\Inicio\PHPMailer\PHPMailer-6.9.3\language\phpmailer.lang-el.php", "PHP", 0, -27, 0, 0, 0, 0, -4, -3, -34
"d:\Xampp\htdocs\220125\Inicio\PHPMailer\PHPMailer-6.9.3\language\phpmailer.lang-eo.php", "PHP", 0, -20, 0, 0, 0, 0, -4, -3, -27
"d:\Xampp\htdocs\220125\Inicio\PHPMailer\PHPMailer-6.9.3\language\phpmailer.lang-es.php", "PHP", 0, -27, 0, 0, 0, 0, -7, -3, -37
"d:\Xampp\htdocs\220125\Inicio\PHPMailer\PHPMailer-6.9.3\language\phpmailer.lang-et.php", "PHP", 0, -20, 0, 0, 0, 0, -6, -3, -29
"d:\Xampp\htdocs\220125\Inicio\PHPMailer\PHPMailer-6.9.3\language\phpmailer.lang-fa.php", "PHP", 0, -20, 0, 0, 0, 0, -6, -3, -29
"d:\Xampp\htdocs\220125\Inicio\PHPMailer\PHPMailer-6.9.3\language\phpmailer.lang-fi.php", "PHP", 0, -13, 0, 0, 0, 0, -12, -3, -28
"d:\Xampp\htdocs\220125\Inicio\PHPMailer\PHPMailer-6.9.3\language\phpmailer.lang-fo.php", "PHP", 0, -13, 0, 0, 0, 0, -12, -3, -28
"d:\Xampp\htdocs\220125\Inicio\PHPMailer\PHPMailer-6.9.3\language\phpmailer.lang-fr.php", "PHP", 0, -27, 0, 0, 0, 0, -7, -3, -37
"d:\Xampp\htdocs\220125\Inicio\PHPMailer\PHPMailer-6.9.3\language\phpmailer.lang-gl.php", "PHP", 0, -19, 0, 0, 0, 0, -6, -3, -28
"d:\Xampp\htdocs\220125\Inicio\PHPMailer\PHPMailer-6.9.3\language\phpmailer.lang-he.php", "PHP", 0, -19, 0, 0, 0, 0, -6, -3, -28
"d:\Xampp\htdocs\220125\Inicio\PHPMailer\PHPMailer-6.9.3\language\phpmailer.lang-hi.php", "PHP", 0, -27, 0, 0, 0, 0, -6, -3, -36
"d:\Xampp\htdocs\220125\Inicio\PHPMailer\PHPMailer-6.9.3\language\phpmailer.lang-hr.php", "PHP", 0, -20, 0, 0, 0, 0, -5, -3, -28
"d:\Xampp\htdocs\220125\Inicio\PHPMailer\PHPMailer-6.9.3\language\phpmailer.lang-hu.php", "PHP", 0, -20, 0, 0, 0, 0, -5, -3, -28
"d:\Xampp\htdocs\220125\Inicio\PHPMailer\PHPMailer-6.9.3\language\phpmailer.lang-hy.php", "PHP", 0, -20, 0, 0, 0, 0, -5, -3, -28
"d:\Xampp\htdocs\220125\Inicio\PHPMailer\PHPMailer-6.9.3\language\phpmailer.lang-id.php", "PHP", 0, -22, 0, 0, 0, 0, -7, -3, -32
"d:\Xampp\htdocs\220125\Inicio\PHPMailer\PHPMailer-6.9.3\language\phpmailer.lang-it.php", "PHP", 0, -20, 0, 0, 0, 0, -6, -3, -29
"d:\Xampp\htdocs\220125\Inicio\PHPMailer\PHPMailer-6.9.3\language\phpmailer.lang-ja.php", "PHP", 0, -27, 0, 0, 0, 0, -8, -3, -38
"d:\Xampp\htdocs\220125\Inicio\PHPMailer\PHPMailer-6.9.3\language\phpmailer.lang-ka.php", "PHP", 0, -20, 0, 0, 0, 0, -5, -3, -28
"d:\Xampp\htdocs\220125\Inicio\PHPMailer\PHPMailer-6.9.3\language\phpmailer.lang-ko.php", "PHP", 0, -20, 0, 0, 0, 0, -5, -3, -28
"d:\Xampp\htdocs\220125\Inicio\PHPMailer\PHPMailer-6.9.3\language\phpmailer.lang-ku.php", "PHP", 0, -20, 0, 0, 0, 0, -5, -3, -28
"d:\Xampp\htdocs\220125\Inicio\PHPMailer\PHPMailer-6.9.3\language\phpmailer.lang-lt.php", "PHP", 0, -19, 0, 0, 0, 0, -6, -3, -28
"d:\Xampp\htdocs\220125\Inicio\PHPMailer\PHPMailer-6.9.3\language\phpmailer.lang-lv.php", "PHP", 0, -19, 0, 0, 0, 0, -6, -3, -28
"d:\Xampp\htdocs\220125\Inicio\PHPMailer\PHPMailer-6.9.3\language\phpmailer.lang-mg.php", "PHP", 0, -20, 0, 0, 0, 0, -5, -3, -28
"d:\Xampp\htdocs\220125\Inicio\PHPMailer\PHPMailer-6.9.3\language\phpmailer.lang-mn.php", "PHP", 0, -20, 0, 0, 0, 0, -5, -3, -28
"d:\Xampp\htdocs\220125\Inicio\PHPMailer\PHPMailer-6.9.3\language\phpmailer.lang-ms.php", "PHP", 0, -20, 0, 0, 0, 0, -5, -3, -28
"d:\Xampp\htdocs\220125\Inicio\PHPMailer\PHPMailer-6.9.3\language\phpmailer.lang-nb.php", "PHP", 0, -27, 0, 0, 0, 0, -4, -3, -34
"d:\Xampp\htdocs\220125\Inicio\PHPMailer\PHPMailer-6.9.3\language\phpmailer.lang-nl.php", "PHP", 0, -27, 0, 0, 0, 0, -5, -3, -35
"d:\Xampp\htdocs\220125\Inicio\PHPMailer\PHPMailer-6.9.3\language\phpmailer.lang-pl.php", "PHP", 0, -27, 0, 0, 0, 0, -4, -3, -34
"d:\Xampp\htdocs\220125\Inicio\PHPMailer\PHPMailer-6.9.3\language\phpmailer.lang-pt.php", "PHP", 0, -20, 0, 0, 0, 0, -5, -3, -28
"d:\Xampp\htdocs\220125\Inicio\PHPMailer\PHPMailer-6.9.3\language\phpmailer.lang-pt_br.php", "PHP", 0, -27, 0, 0, 0, 0, -9, -3, -39
"d:\Xampp\htdocs\220125\Inicio\PHPMailer\PHPMailer-6.9.3\language\phpmailer.lang-ro.php", "PHP", 0, -27, 0, 0, 0, 0, -4, -3, -34
"d:\Xampp\htdocs\220125\Inicio\PHPMailer\PHPMailer-6.9.3\language\phpmailer.lang-ru.php", "PHP", 0, -27, 0, 0, 0, 0, -7, -3, -37
"d:\Xampp\htdocs\220125\Inicio\PHPMailer\PHPMailer-6.9.3\language\phpmailer.lang-si.php", "PHP", 0, -27, 0, 0, 0, 0, -5, -3, -35
"d:\Xampp\htdocs\220125\Inicio\PHPMailer\PHPMailer-6.9.3\language\phpmailer.lang-sk.php", "PHP", 0, -22, 0, 0, 0, 0, -6, -3, -31
"d:\Xampp\htdocs\220125\Inicio\PHPMailer\PHPMailer-6.9.3\language\phpmailer.lang-sl.php", "PHP", 0, -27, 0, 0, 0, 0, -7, -3, -37
"d:\Xampp\htdocs\220125\Inicio\PHPMailer\PHPMailer-6.9.3\language\phpmailer.lang-sr.php", "PHP", 0, -20, 0, 0, 0, 0, -6, -3, -29
"d:\Xampp\htdocs\220125\Inicio\PHPMailer\PHPMailer-6.9.3\language\phpmailer.lang-sr_latn.php", "PHP", 0, -20, 0, 0, 0, 0, -6, -3, -29
"d:\Xampp\htdocs\220125\Inicio\PHPMailer\PHPMailer-6.9.3\language\phpmailer.lang-sv.php", "PHP", 0, -19, 0, 0, 0, 0, -6, -3, -28
"d:\Xampp\htdocs\220125\Inicio\PHPMailer\PHPMailer-6.9.3\language\phpmailer.lang-tl.php", "PHP", 0, -20, 0, 0, 0, 0, -6, -3, -29
"d:\Xampp\htdocs\220125\Inicio\PHPMailer\PHPMailer-6.9.3\language\phpmailer.lang-tr.php", "PHP", 0, -27, 0, 0, 0, 0, -9, -3, -39
"d:\Xampp\htdocs\220125\Inicio\PHPMailer\PHPMailer-6.9.3\language\phpmailer.lang-uk.php", "PHP", 0, -20, 0, 0, 0, 0, -6, -3, -29
"d:\Xampp\htdocs\220125\Inicio\PHPMailer\PHPMailer-6.9.3\language\phpmailer.lang-ur.php", "PHP", 0, -23, 0, 0, 0, 0, -5, -3, -31
"d:\Xampp\htdocs\220125\Inicio\PHPMailer\PHPMailer-6.9.3\language\phpmailer.lang-vi.php", "PHP", 0, -19, 0, 0, 0, 0, -6, -3, -28
"d:\Xampp\htdocs\220125\Inicio\PHPMailer\PHPMailer-6.9.3\language\phpmailer.lang-zh.php", "PHP", 0, -20, 0, 0, 0, 0, -7, -3, -30
"d:\Xampp\htdocs\220125\Inicio\PHPMailer\PHPMailer-6.9.3\language\phpmailer.lang-zh_cn.php", "PHP", 0, -27, 0, 0, 0, 0, -7, -3, -37
"d:\Xampp\htdocs\220125\Inicio\PHPMailer\PHPMailer-6.9.3\src\DSNConfigurator.php", "PHP", 0, -136, 0, 0, 0, 0, -80, -30, -246
"d:\Xampp\htdocs\220125\Inicio\PHPMailer\PHPMailer-6.9.3\src\Exception.php", "PHP", 0, -9, 0, 0, 0, 0, -28, -4, -41
"d:\Xampp\htdocs\220125\Inicio\PHPMailer\PHPMailer-6.9.3\src\OAuth.php", "PHP", 0, -46, 0, 0, 0, 0, -79, -15, -140
"d:\Xampp\htdocs\220125\Inicio\PHPMailer\PHPMailer-6.9.3\src\OAuthTokenProvider.php", "PHP", 0, -6, 0, 0, 0, 0, -35, -4, -45
"d:\Xampp\htdocs\220125\Inicio\PHPMailer\PHPMailer-6.9.3\src\PHPMailer.php", "PHP", 0, -2926, 0, 0, 0, 0, -1929, -394, -5249
"d:\Xampp\htdocs\220125\Inicio\PHPMailer\PHPMailer-6.9.3\src\POP3.php", "PHP", 0, -183, 0, 0, 0, 0, -234, -53, -470
"d:\Xampp\htdocs\220125\Inicio\PHPMailer\PHPMailer-6.9.3\src\SMTP.php", "PHP", 0, -747, 0, 0, 0, 0, -619, -144, -1510
"d:\Xampp\htdocs\220125\Inicio\PHPMailer\README.md", "Markdown", 0, 0, 0, -168, 0, 0, 0, -64, -232
"d:\Xampp\htdocs\220125\Inicio\PHPMailer\SECURITY.md", "Markdown", 0, 0, 0, -19, 0, 0, 0, -19, -38
"d:\Xampp\htdocs\220125\Inicio\PHPMailer\composer.json", "JSON", 0, 0, 0, 0, -80, 0, 0, -1, -81
"d:\Xampp\htdocs\220125\Inicio\PHPMailer\get_oauth_token.php", "PHP", 0, -117, 0, 0, 0, 0, -48, -18, -183
"d:\Xampp\htdocs\220125\Inicio\PHPMailer\language\phpmailer.lang-af.php", "PHP", 0, -20, 0, 0, 0, 0, -4, -3, -27
"d:\Xampp\htdocs\220125\Inicio\PHPMailer\language\phpmailer.lang-ar.php", "PHP", 0, -20, 0, 0, 0, 0, -5, -3, -28
"d:\Xampp\htdocs\220125\Inicio\PHPMailer\language\phpmailer.lang-as.php", "PHP", 0, -28, 0, 0, 0, 0, -5, -3, -36
"d:\Xampp\htdocs\220125\Inicio\PHPMailer\language\phpmailer.lang-az.php", "PHP", 0, -19, 0, 0, 0, 0, -6, -3, -28
"d:\Xampp\htdocs\220125\Inicio\PHPMailer\language\phpmailer.lang-ba.php", "PHP", 0, -20, 0, 0, 0, 0, -5, -3, -28
"d:\Xampp\htdocs\220125\Inicio\PHPMailer\language\phpmailer.lang-be.php", "PHP", 0, -19, 0, 0, 0, 0, -6, -3, -28
"d:\Xampp\htdocs\220125\Inicio\PHPMailer\language\phpmailer.lang-bg.php", "PHP", 0, -20, 0, 0, 0, 0, -5, -3, -28
"d:\Xampp\htdocs\220125\Inicio\PHPMailer\language\phpmailer.lang-bn.php", "PHP", 0, -28, 0, 0, 0, 0, -5, -3, -36
"d:\Xampp\htdocs\220125\Inicio\PHPMailer\language\phpmailer.lang-ca.php", "PHP", 0, -19, 0, 0, 0, 0, -6, -3, -28
"d:\Xampp\htdocs\220125\Inicio\PHPMailer\language\phpmailer.lang-cs.php", "PHP", 0, -22, 0, 0, 0, 0, -4, -3, -29
"d:\Xampp\htdocs\220125\Inicio\PHPMailer\language\phpmailer.lang-da.php", "PHP", 0, -27, 0, 0, 0, 0, -7, -3, -37
"d:\Xampp\htdocs\220125\Inicio\PHPMailer\language\phpmailer.lang-de.php", "PHP", 0, -22, 0, 0, 0, 0, -4, -3, -29
"d:\Xampp\htdocs\220125\Inicio\PHPMailer\language\phpmailer.lang-el.php", "PHP", 0, -27, 0, 0, 0, 0, -4, -3, -34
"d:\Xampp\htdocs\220125\Inicio\PHPMailer\language\phpmailer.lang-eo.php", "PHP", 0, -20, 0, 0, 0, 0, -4, -3, -27
"d:\Xampp\htdocs\220125\Inicio\PHPMailer\language\phpmailer.lang-es.php", "PHP", 0, -27, 0, 0, 0, 0, -7, -3, -37
"d:\Xampp\htdocs\220125\Inicio\PHPMailer\language\phpmailer.lang-et.php", "PHP", 0, -20, 0, 0, 0, 0, -6, -3, -29
"d:\Xampp\htdocs\220125\Inicio\PHPMailer\language\phpmailer.lang-fa.php", "PHP", 0, -20, 0, 0, 0, 0, -6, -3, -29
"d:\Xampp\htdocs\220125\Inicio\PHPMailer\language\phpmailer.lang-fi.php", "PHP", 0, -13, 0, 0, 0, 0, -12, -3, -28
"d:\Xampp\htdocs\220125\Inicio\PHPMailer\language\phpmailer.lang-fo.php", "PHP", 0, -13, 0, 0, 0, 0, -12, -3, -28
"d:\Xampp\htdocs\220125\Inicio\PHPMailer\language\phpmailer.lang-fr.php", "PHP", 0, -27, 0, 0, 0, 0, -7, -3, -37
"d:\Xampp\htdocs\220125\Inicio\PHPMailer\language\phpmailer.lang-gl.php", "PHP", 0, -19, 0, 0, 0, 0, -6, -3, -28
"d:\Xampp\htdocs\220125\Inicio\PHPMailer\language\phpmailer.lang-he.php", "PHP", 0, -19, 0, 0, 0, 0, -6, -3, -28
"d:\Xampp\htdocs\220125\Inicio\PHPMailer\language\phpmailer.lang-hi.php", "PHP", 0, -27, 0, 0, 0, 0, -6, -3, -36
"d:\Xampp\htdocs\220125\Inicio\PHPMailer\language\phpmailer.lang-hr.php", "PHP", 0, -20, 0, 0, 0, 0, -5, -3, -28
"d:\Xampp\htdocs\220125\Inicio\PHPMailer\language\phpmailer.lang-hu.php", "PHP", 0, -20, 0, 0, 0, 0, -5, -3, -28
"d:\Xampp\htdocs\220125\Inicio\PHPMailer\language\phpmailer.lang-hy.php", "PHP", 0, -20, 0, 0, 0, 0, -5, -3, -28
"d:\Xampp\htdocs\220125\Inicio\PHPMailer\language\phpmailer.lang-id.php", "PHP", 0, -22, 0, 0, 0, 0, -7, -3, -32
"d:\Xampp\htdocs\220125\Inicio\PHPMailer\language\phpmailer.lang-it.php", "PHP", 0, -20, 0, 0, 0, 0, -6, -3, -29
"d:\Xampp\htdocs\220125\Inicio\PHPMailer\language\phpmailer.lang-ja.php", "PHP", 0, -27, 0, 0, 0, 0, -8, -3, -38
"d:\Xampp\htdocs\220125\Inicio\PHPMailer\language\phpmailer.lang-ka.php", "PHP", 0, -20, 0, 0, 0, 0, -5, -3, -28
"d:\Xampp\htdocs\220125\Inicio\PHPMailer\language\phpmailer.lang-ko.php", "PHP", 0, -20, 0, 0, 0, 0, -5, -3, -28
"d:\Xampp\htdocs\220125\Inicio\PHPMailer\language\phpmailer.lang-ku.php", "PHP", 0, -20, 0, 0, 0, 0, -5, -3, -28
"d:\Xampp\htdocs\220125\Inicio\PHPMailer\language\phpmailer.lang-lt.php", "PHP", 0, -19, 0, 0, 0, 0, -6, -3, -28
"d:\Xampp\htdocs\220125\Inicio\PHPMailer\language\phpmailer.lang-lv.php", "PHP", 0, -19, 0, 0, 0, 0, -6, -3, -28
"d:\Xampp\htdocs\220125\Inicio\PHPMailer\language\phpmailer.lang-mg.php", "PHP", 0, -20, 0, 0, 0, 0, -5, -3, -28
"d:\Xampp\htdocs\220125\Inicio\PHPMailer\language\phpmailer.lang-mn.php", "PHP", 0, -20, 0, 0, 0, 0, -5, -3, -28
"d:\Xampp\htdocs\220125\Inicio\PHPMailer\language\phpmailer.lang-ms.php", "PHP", 0, -20, 0, 0, 0, 0, -5, -3, -28
"d:\Xampp\htdocs\220125\Inicio\PHPMailer\language\phpmailer.lang-nb.php", "PHP", 0, -27, 0, 0, 0, 0, -4, -3, -34
"d:\Xampp\htdocs\220125\Inicio\PHPMailer\language\phpmailer.lang-nl.php", "PHP", 0, -27, 0, 0, 0, 0, -5, -3, -35
"d:\Xampp\htdocs\220125\Inicio\PHPMailer\language\phpmailer.lang-pl.php", "PHP", 0, -27, 0, 0, 0, 0, -4, -3, -34
"d:\Xampp\htdocs\220125\Inicio\PHPMailer\language\phpmailer.lang-pt.php", "PHP", 0, -20, 0, 0, 0, 0, -5, -3, -28
"d:\Xampp\htdocs\220125\Inicio\PHPMailer\language\phpmailer.lang-pt_br.php", "PHP", 0, -27, 0, 0, 0, 0, -9, -3, -39
"d:\Xampp\htdocs\220125\Inicio\PHPMailer\language\phpmailer.lang-ro.php", "PHP", 0, -27, 0, 0, 0, 0, -4, -3, -34
"d:\Xampp\htdocs\220125\Inicio\PHPMailer\language\phpmailer.lang-ru.php", "PHP", 0, -27, 0, 0, 0, 0, -7, -3, -37
"d:\Xampp\htdocs\220125\Inicio\PHPMailer\language\phpmailer.lang-si.php", "PHP", 0, -27, 0, 0, 0, 0, -5, -3, -35
"d:\Xampp\htdocs\220125\Inicio\PHPMailer\language\phpmailer.lang-sk.php", "PHP", 0, -22, 0, 0, 0, 0, -6, -3, -31
"d:\Xampp\htdocs\220125\Inicio\PHPMailer\language\phpmailer.lang-sl.php", "PHP", 0, -27, 0, 0, 0, 0, -7, -3, -37
"d:\Xampp\htdocs\220125\Inicio\PHPMailer\language\phpmailer.lang-sr.php", "PHP", 0, -20, 0, 0, 0, 0, -6, -3, -29
"d:\Xampp\htdocs\220125\Inicio\PHPMailer\language\phpmailer.lang-sr_latn.php", "PHP", 0, -20, 0, 0, 0, 0, -6, -3, -29
"d:\Xampp\htdocs\220125\Inicio\PHPMailer\language\phpmailer.lang-sv.php", "PHP", 0, -19, 0, 0, 0, 0, -6, -3, -28
"d:\Xampp\htdocs\220125\Inicio\PHPMailer\language\phpmailer.lang-tl.php", "PHP", 0, -20, 0, 0, 0, 0, -6, -3, -29
"d:\Xampp\htdocs\220125\Inicio\PHPMailer\language\phpmailer.lang-tr.php", "PHP", 0, -27, 0, 0, 0, 0, -9, -3, -39
"d:\Xampp\htdocs\220125\Inicio\PHPMailer\language\phpmailer.lang-uk.php", "PHP", 0, -20, 0, 0, 0, 0, -6, -3, -29
"d:\Xampp\htdocs\220125\Inicio\PHPMailer\language\phpmailer.lang-ur.php", "PHP", 0, -23, 0, 0, 0, 0, -5, -3, -31
"d:\Xampp\htdocs\220125\Inicio\PHPMailer\language\phpmailer.lang-vi.php", "PHP", 0, -19, 0, 0, 0, 0, -6, -3, -28
"d:\Xampp\htdocs\220125\Inicio\PHPMailer\language\phpmailer.lang-zh.php", "PHP", 0, -20, 0, 0, 0, 0, -7, -3, -30
"d:\Xampp\htdocs\220125\Inicio\PHPMailer\language\phpmailer.lang-zh_cn.php", "PHP", 0, -27, 0, 0, 0, 0, -7, -3, -37
"d:\Xampp\htdocs\220125\Inicio\PHPMailer\src\DSNConfigurator.php", "PHP", 0, -136, 0, 0, 0, 0, -80, -30, -246
"d:\Xampp\htdocs\220125\Inicio\PHPMailer\src\Exception.php", "PHP", 0, -9, 0, 0, 0, 0, -28, -4, -41
"d:\Xampp\htdocs\220125\Inicio\PHPMailer\src\OAuth.php", "PHP", 0, -46, 0, 0, 0, 0, -79, -15, -140
"d:\Xampp\htdocs\220125\Inicio\PHPMailer\src\OAuthTokenProvider.php", "PHP", 0, -6, 0, 0, 0, 0, -35, -4, -45
"d:\Xampp\htdocs\220125\Inicio\PHPMailer\src\PHPMailer.php", "PHP", 0, -2926, 0, 0, 0, 0, -1929, -394, -5249
"d:\Xampp\htdocs\220125\Inicio\PHPMailer\src\POP3.php", "PHP", 0, -183, 0, 0, 0, 0, -234, -53, -470
"d:\Xampp\htdocs\220125\Inicio\PHPMailer\src\SMTP.php", "PHP", 0, -747, 0, 0, 0, 0, -619, -144, -1510
"d:\Xampp\htdocs\220125\Inicio\cambiar_contra.php", "HTML", -23, 0, 0, 0, 0, 0, 0, 0, -23
"d:\Xampp\htdocs\220125\Inicio\nuevacontra.html", "HTML", -29, 0, 0, 0, 0, 0, 0, -1, -30
"d:\Xampp\htdocs\220125\Inicio\olvidocontra_usuario.php", "HTML", -28, 0, 0, 0, 0, 0, 0, -1, -29
"d:\Xampp\htdocs\220125\Inicio\olvidocotra_correo.html", "HTML", -27, 0, 0, 0, 0, 0, 0, -2, -29
"d:\Xampp\htdocs\220125\Inicio\proceso_cambiar_contraseña.php", "PHP", 0, -30, 0, 0, 0, 0, 0, -7, -37
"d:\Xampp\htdocs\220125\Inicio\proceso_login.php", "PHP", 0, -41, 0, 0, 0, 0, 0, -7, -48
"d:\Xampp\htdocs\220125\Inicio\proceso_olvidar_contraseña.php", "PHP", 0, -58, 0, 0, 0, 0, -2, -14, -74
"d:\Xampp\htdocs\220125\Inicio\proceso_registro.php", "PHP", 0, -40, 0, 0, 0, 0, 0, -9, -49
"d:\Xampp\htdocs\220125\Inicio\registro.html", "HTML", -41, 0, 0, 0, 0, 0, 0, -1, -42
"d:\Xampp\htdocs\220125\Menu\Footer\creators.html", "HTML", -63, 0, 0, 0, 0, 0, -2, -5, -70
"d:\Xampp\htdocs\220125\Menu\Footer\credits.html", "HTML", -34, 0, 0, 0, 0, 0, 0, -8, -42
"d:\Xampp\htdocs\220125\Menu\Footer\inform.html", "HTML", -40, 0, 0, 0, 0, 0, -3, -4, -47
"d:\Xampp\htdocs\220125\Menu\mainmenu.php", "HTML", -38, 0, 0, 0, 0, 0, 0, 0, -38
"d:\Xampp\htdocs\220125\Menu\cards.html", "HTML", -26, 0, 0, 0, 0, 0, 0, -1, -27
"d:\Xampp\htdocs\220125\Menu\error404.php", "PHP", 0, -13, 0, 0, 0, 0, 0, 0, -13
"d:\Xampp\htdocs\220125\Menu\opciones.html", "HTML", -21, 0, 0, 0, 0, 0, 0, 0, -21
"d:\Xampp\htdocs\220125\Menu\stats.html", "HTML", -21, 0, 0, 0, 0, 0, 0, 0, -21
"d:\Xampp\htdocs\220125\Menu\usuario.php", "HTML", -29, 0, 0, 0, 0, 0, -1, -3, -33
"d:\Xampp\htdocs\220125\Scripts\script.js", "JavaScript", 0, 0, -50, 0, 0, 0, 0, -6, -56
"d:\Xampp\htdocs\220125\Scripts\script2.js", "JavaScript", 0, 0, -44, 0, 0, 0, 0, -6, -50
"d:\Xampp\htdocs\220125\Scripts\script3.js", "JavaScript", 0, 0, -16, 0, 0, 0, 0, -3, -19
"d:\Xampp\htdocs\220125\Scripts\script4.js", "JavaScript", 0, 0, -16, 0, 0, 0, 0, -3, -19
"d:\Xampp\htdocs\220125\index.php", "PHP", 0, -37, 0, 0, 0, 0, 0, 0, -37
"Total", "-", -205, -10966, -23, -374, -160, -1376, -6781, -2055, -21940