"filename", "language", "HTML", "PHP", "JavaScript", "comment", "blank", "total"
"c:\xampp\htdocs\250125\Game\Memoria1.html", "HTML", 81, 0, 0, 0, 8, 89
"c:\xampp\htdocs\250125\Game\Memoria2.html", "HTML", 81, 0, 0, 0, 8, 89
"c:\xampp\htdocs\250125\Game\Memoria2\cards.js", "JavaScript", 0, 0, 103, 5, 21, 129
"c:\xampp\htdocs\250125\Game\Memoria2\game6memo.html", "HTML", 81, 0, 0, 0, 8, 89
"c:\xampp\htdocs\250125\Game\Memoria\cards.js", "JavaScript", 0, 0, 103, 5, 21, 129
"c:\xampp\htdocs\250125\Game\Trivia1.php", "PHP", 0, 232, 0, 13, 24, 269
"c:\xampp\htdocs\250125\Game\Trivia2.php", "PHP", 0, 128, 0, 4, 13, 145
"c:\xampp\htdocs\250125\Game\game.html", "HTML", 28, 0, 0, 0, 1, 29
"c:\xampp\htdocs\250125\Game\game2.html", "HTML", 28, 0, 0, 1, 0, 29
"c:\xampp\htdocs\250125\Game\game3.1.html", "HTML", 28, 0, 0, 0, 0, 28
"c:\xampp\htdocs\250125\Game\game3.html", "HTML", 28, 0, 0, 1, 0, 29
"c:\xampp\htdocs\250125\Game\game4.html", "HTML", 27, 0, 0, 1, 0, 28
"c:\xampp\htdocs\250125\Game\game5.html", "HTML", 29, 0, 0, 0, 0, 29
"c:\xampp\htdocs\250125\Game\game7.html", "HTML", 29, 0, 0, 0, 0, 29
"Total", "-", 440, 360, 206, 30, 104, 1140